0,Alstahaug kino,Torulfsgt. 32,8800,Sandnessjøen,kino@alstahaug.kommune.no
1,Alta: Aurora Kino,Markedsgata 3,9510,Alta,david@aurorakino.no
2,Alvdal Kino,Nyborg,2560,Alvdal,bente.linjordet@alvdal.kommune.no
3,Arendal: Kino 1 AS,Friergangen 2,4836,Arendal,erlend@arendalkino.no
4,Asker: Norsk Kino,Strøket 15A,1383,Asker,morten@norsk-kino.no
5,Askim: Norsk kino,Kirkegata 5 ,1807,Askim,senterleder.askim@norsk-kino.no
6,Aurland: Trudvang kino,Rådhuset,5745,Aurland,terje.horvei@aurland.kommune.no
7,Balestrand: Friberg kino,Lærargt. 39,6899,Balestrand,m.sande@online.no
8,Bardufoss: Heggelia Kino,Kapellveien 2,9325,Bardufoss,kellewsen@fms.mil.no
9,"Bergen, Konsertpaleet",Neumannsgt. 3,5015,Bergen,andreas@bergenkino.no
10,"Bergen, Magnus Barfot ",Magnus Barfotsgt. 12,5015,Bergen,andreas@bergenkino.no
11,Berlevåg komm. kino,"Samfunnsgata
",9980,Berlevåg,frank.arne.hansen@berlevag.kommune.no
12,"Bodø, Fram kino AS",Storgt. 8 ,8001,Bodø,post@framkino.no
13,Brandbu Kino,Storlinna 25,2760,Brandbu,Knut.Andre.Bjerke@gran.kommune.no
14,Bremanger kino,Bremanger,6727,Bremanger,ole_grotle@hotmail.com
15,"Bryne, Storstova på Jæren",A. Garborgsv. 32,4340,Bryne,erlend@storstova.com
16,Brønnøy komm. kino,Rådhuset,8905,Brønnøysund,john.a.lorentzen@bronnoy.kommune.no
17,Bygdekinoen Film & Kino,Dronningsgt. 16,104,Oslo,anne-marie@kino.no
18,Bygdheim kino,Midsund,6475,Midsund,larsjarle@jenset.org
19,Bø i Vesterålen: Skagen kino,Skagenveien,8470,Bø i Vesterålen,gundar.jakobsen@vkbb.no
20,"Bø kino, Telemark",Gullbringvegen 34,3800,Bø i Telemark,anita.kristensen@bo.kommune.no
21,Bømlo kino,Kulturhuset,5430,Bremnes,hannejacobsen@bomlokulturhus.no
22,Båtsfjord Komm. Kino,Hindbeggt. 18,9990,Båtsfjord ,tony.petterson@batsfjord.kommune.no
23,Dokka: Sentrum Kino,Storgata 28,2870,Dokka,svein.ladehaug@nordre-land.kommune.no
24,Dombås Kino,Kinoen,2660,Dombås,ove.vadet@fjellnett.no
25,Drammen: KinoCity,Bragernes torg 2A,3017,Drammen,che@kinocity.no
26,Drangedal: Tokestua kino,Gudbrandsveien 7,3750,Drangedal,okhj@drangedal.kommune.no
27,Drøbak Kino,Rådhusvn. 6,1440,Drøbak,paal.andresen@frogn.kommune.no
28,Egersund komm. kino,Pb. 580,4379,Egersund,kari.reianes.spangen@eigersund.kommune.no
29,Eid kino,Operahuset Nordfjord,6770,Nordfjordeid,elin.paulsen@operahuset.no
30,Eidfjord komm. kino,Simadalsveien 1,5783,Eidfjord,kari.vambheim@eidfjord.kommune.no
31,Eidsberg Kino,Ordf. Voldsensvei 3,1850,Mysen,ingun.fjellstad@eidsberg.kommune.no
32,Eikangervåg: Nyheim kino,Fammestad,5913,Eikangervåg,arnlbjoe@online.no
33,Elverum Komm. Kino,Storgt. 18,2418,Elverum,mette.kynsveen@elverum.kommune.no
34,Etne kino,Enge,5590,Etne,etnekino@etne-kulturhus.no
35,Fagernes: Kvitvella kino,Kulturhuset,2900,Fagernes,Aud.Aastveit@nord-aurdal.kommune.no
36,Farsund Komm Kino,Sundeveien 14,4553,Farsund,pb@krskino.no
37,Fauske Komm. Kino,Torggata 11,8200,Fauske,Stig.Lovseth@fauske.kommune.no
38,Finnsnes Kino,Rådhusvn. 8,9306,Finnsnes,kayerling.ludvigsen@lenvik.kommune.no
39,Fjaler kino,Longehojen,6963,Dale i sunnfjord,kare.antonisen@enivest.net
40,Flekkefjord komm. kino,Elvegt. 1,4400,Flekkefjord,torhild.svege@flekkefjord.kommune.no
41,Flisa: Rådhuskinoen,Rådhusgata 1,2270,Flisa,Odd.Skramstad@asnes.kommune.no
42,Flora komm. kino,Markegata 51,6900,Florø,ingvar.hopland@flora.kommune.no
43,Folldal komm. kino,Folldal,2580,Folldal,Ronny.Bekken.Larsen@folldal.kommune.no
44,Fosnavåg: Herøy kino,Fosnavåg,6990,Fosnavåg,bjorn.holum@heroy.kommune.no
45,Fredrikstad Kino,Nygaardsgaten 16,1606,Fredrikstad,josj@fredrikstad.kommune.no
46,Frøya Kino,Kulturhuset,7261,Siristanda,jaelven@gmail.com
47,Førde: Kino Førde,Angedalsvegen 5,6800,Førde,Torhild.Vie@forde.kommune.no
48,Geilo Komm. Kino,Geilo,3580,Geilo,post@geilokino.net
49,Gjøvik Kino,Strandgata 15,2815,Gjøvik,marit.bratland@gjovik.kommune.no
50,Glomfjord kino,Gammelveien 5,8150,Glomfjord,tronarnt@hotmail.com
51,Gloppen komm. kino,Grandavegen,6823,Gloppen,kjersti.ronningen@gloppen.kommune.no
52,Grimstad Komm. Kino,Storgt 33,4876,Grimstad ,rolf@kinosor.no
53,Grong Kino,Mediå ,7870,Grong,kino@grong.kommune.no
54,"Halden, Alladin kino",Tordenskjoldsgate 1,1776,Halden,clas@norsk-kino.no
55,Hamar Kino KF,Torgg 91 Folkets Hus,2317,Hamar,espen@hamarkino.no
56,"Hammerfest Kino, Arktisk kultursenter",Strandgata 30,9615,Hammerfest,stig.orjan.larsen@hammerfest.kommune.no
57,Haram kino,Bernt Hildreveg 2,6270,Brattvåg,hans@idhuset.no
58,Harstad Kino,Erlingsgt. 3.,9480,Harstad,knut.tore@harstadkino.no
59,Haugesund: Edda Kino,Sørhauggt. 183,5525,Haugesund,edda@haugesund.kommune.no
60,Hemsedal Kino,Hemsedal,3660,Hemsedal,hemsedal_kino@hotmail.com
61,Hitra Kino,Hitra,7240,Hitra,kino@hitra.kommune.no
62,Horten: Norsk Kino,Torggata 2,3181,Horten,andre@norsk-kino.no
63,Hønefoss: Norsk Kino,Hønefoss Bru 3 ,3510,Hønefoss,jannik@norsk-kino.no
64,Høyanger komm. kino,Pb. 159,6991,Høyanger,angelika.ludwig@hoyanger.kommune.no
65,Høybuktmoen mil. kino (GSV),Garnisonen i Sør-Varanger,9900,Kirkenes,kellewsen@fms.mil.no
66,Karmøy komm. kino AS,Box 53,4291,Kopervik,adm@karmoykino.no
67,Kirkenes: Aurora Kino,Pasvikveien 2,9900,Kirkenes,david@aurorakino.no
68,Kjøllefjord kino,Strandveien 152 ,9790,Kjøllefjord,silje.grevsnes@lebesby.kommune.no
69,KNM Harald Haarfagre,Madlaveien 345,4045,Hafrsfjord,kellewsen@fms.mil.no
70,Kolben,Strandliveien 1,1410,Kolbotn,Lena.Sunnby@oppegard.kommune.no
71,Kolvereid kino,Idrettsveien 1,7970,Kolvereid,kolvereid.kino@naroy.kommune.no 
72,Kongsberg kino,Nymoens Torg 3,3611,Kongsberg,kino@kongsberg.kommune.no
73,Kongsvinger komm. kino,Fjellgata 2,2226,Kongsvinger,stig.fonas@kongsvinger.kommune.no
74,Kragerø biograf,Gamle Kragerøvei 4,3770,Kragerø,harald.bothner@kragero.kommune.no
75,Kristiansand Kino Fønix,Postboks 356,4663,Kristiansand,kenneth.aslaksen@krskino.no
76,Kristiansund: Norsk kino,Konsul Knudtzons gate 4 ,6509,Kristiansund,jarle@norsk-kino.no
77,Kvam kino,Postboks 201,5602,Norheimsund,mars@kvam.kommune.no
78,Kvinesdal Kino,Nesgata 11,4480,Kvinesdal,jan.schou@kvinesdal.kommune.no
79,Kvinnherad komm. kino,Boks 121,5480,Kvinnherad,terje.fonneland@kvinnherad.kommune.no
80,Lakselv Komm. Kino,Kikevn. 28,9700,Lakselv,ida@pias.no
81,"Larvik, Bølgen Kulturhus",Sanden 2,3255,Larvik,lasse@kulturhusetbolgen.no
82,Levanger: Festiviteten kino,Kirkegata 18,7601,Levanger,festiviteten@levanger.kommune.no
83,Lillehammer Kino,Kirkegaten 69,2626,Lillehammer,Mari.Norstegard.Tomren@lillehammer.kommune.no
84,Lillesand: eTeateret Lillesand,Børge Trulssøns gata 7,4790,Lillesand,elisabeth.dahl@lillesand.kommune.no
85,Lillestrøm: SF Kino A/S,Brøtergata 4c,2000,Lillestrøm,lars.fuglevik@sf-kino.no
86,Lofthus: Krossvoll kino,Krossvoll,5781,Lofthus,krossvoll.kino@lofthus.no
87,Longyearbyen Kino,Pb 350,9171,Longyearbyen,rogerzoe@lokalstyre.no
88,Lund kino,Stasjonsveien 5,4046,Moi,gunnar@lund.kommune.no
89,Lyngdal Kino,Grønndokka 4,4580,Lyngdal,odd-ivar.knutsen@lyngdal.kommune.no
90,Lærdal komm. kino,Øyraplassen 7,4580,Lærdal,oyvihamr@broadpark.no
91,Lødingen kino,Stakeveien 1,8411,Lødingen,knut.blengsli@lodingen.kommune.no
92,Lørenskog Kino,Skårersletta 67,1473,Skårer,steinar.tveiten@lorenskog.kommune.no
93,Mandal: Buen Kino,Havnegt. 2 Buen,4515,Mandal,alf@buenkulturhus.no
94,Melhus komm. kino,Rådhusveien 2,7084,Melhus,marit.grendal@melhus.kommune.no
95,Modum Kino ,Rådhusveien 1,3370,Vikersund,christensen@modum.kommune.no
96,Molde kino AS,Godtfred Lies pl. 1,6415,Molde,edgar@moldekino.no
97,Mosjøen kino,Kinoplassen 2 ,8656,Mosjøen,per.breirem@vefsn.kommune.no
98,Moss: SF Kino A/S,Fossen 21-22,1530,Moss,lars.fuglevik@sf-kino.no
99,Målselv: Skjold Kino,Kantinebygg,9334,Øverbygd,kellewsen@fms.mil.no
100,Måløy komm. kino,"Gate 1, Nr. 53",6700,Måløy,eli@norsk-kino.no
101,Namsos Komm. Kino,Abel Meyers gt. 12,7800,Namsos,ingeborg.flornes@namsos.kommune.no
102,Narvik Kino,Kongensgate 47,8505,Narvik,david@aurorakino.no
103,Nesbyen: Nes kino,Rukkedalsveien 46,3540,Nesbyen,tor.lysfjord@nes-bu.kommune.no
104,Nome Kino,Ringsevja 30,3830,Ulefoss ,birte.nesteng@nome.kommune.no
105,Nordkapp Komm. Kino,Rådhusgt. 12,9750,Honningsvåg,edelh.ingebrigtsen@nordkapp.kommune.no
106,Nord-Odal komm. kino,Herredsveien 2,2120,Sagstua,tnilsen@nord-odal.kommune.no
107,Nordreisa komm. kino,Sentrum 17,9156,Storslett,herdis.lindbom@nordreisa.kommune.no
108,Notodden kino,Storgata 1,3674,Notodden,hilde.hem@notodden.kommune.no
109,Odda komm. kino,Oppheimsgt.,5750,Odda,bjorg.skogasel@odda.kommune.no
110,Oppdal Kino,Inge Krokannsvei 2,7340,Oppdal,morten.haagensen@oppdal.kommune.no
111,Orkdal komm. kino,Allfaveien 5,7300,Orkdal,arne.fagerholt@orkdal.kommune.no
112,"Oslo, Colosseum",Fr. Nansens vei 6,369,Oslo,erlend@oslokino.no
113,"Oslo, Colosseum ",Fr. Nansens vei 6,369,Oslo,erlend@oslokino.no
114,"Oslo, Gimle",Bygdøy allé 39,265,Oslo,erlend@oslokino.no
115,"Oslo, Kino Victoria",Ruseløkkveien 14,251,Oslo,erlend@oslokino.no
116,"Oslo, Klingenberg",Olav V's gt. 4,161,Oslo,erlend@oslokino.no
117,"Oslo, Ringen",Sannergata 6D,557,Oslo,erlend@oslokino.no
118,"Oslo, Saga Kino",Stortingsgt. 28,161,Oslo,erlend@oslokino.no
119,"Oslo, Symra",Cecilie Thoresens vei 23,1153,Oslo,erlend@oslokino.no
120,Otta kino,Botten Hansens gate 9 ,2670,Otta,knut.holen@sel.kommune.no
121,Porsangmoen mil. kino,Garnisonen i Porsanger,9709,Porsangmoen,ida@pias.no
122,Porsgrunn: Filmsentret Charlie,Storgata 143,3915,Porsgrunn,tom.andersen@porsgrunn.kommune.no
123,Rakkestad Kino,Rådhusveien 8,1890,Rakkestad,ingun.fjellstad@eidsberg.kommune.no
124,Ramberg: Lysbøen kino,Flakstad,8380,Ramberg,knutij@online.no
125,Rana komm. kino,Rådhusplassen 2,8622,Mo I Rana,kristin.kildal@rana.kommune.no
126,Rena: Åmot komm. kino,Rådhuset,2450,Rena,Yngve.Sekkelsten@amot.kommune.no
127,Rindal kino,Ridalshuset,6657,Rindal,mom@rindal.kommune.no
128,Risør komm. kino,Kragsgate.48 A,4950,Risør,birgitgade.hoksaas@risor.kommune.no
129,Rjukan: Verdensteateret,Storstulgata 1,3660,Rjukan,aage.hermanrud@tinn.kommune.no
130,Rødberg Kino,Liaveien 17 ,3630,Rødberg,hawetter@online.no
131,Røros Komm. Kino,"Storstuggu, Ol-Klemmetsaveien 50 ",7360,Røros,ane.linn.haagaas@roros.kommune.no
132,Salangen kommunale  kino,Herredshuset Sjøvegan ,9350,Sjøvegan,kurt-jan@salangen.kommune.no
133,"Sandefjord, Hjertnes kino",Sandefjordsveien 3,3208,Sandefjord,knut.kristoffersen@sandefjord.kommune.no
134,Sandnes: SF Kino,Vågsgt. 33,4305,Sandnes,stig.pedersen@sfkino-stavanger.no
135,Sandvika: SF Kino,Claude Monets alle 25 ,1338,Sandvika,sandvika@sf-kino.no
136,Sarpsborg: SF Kino,Kirkegata 49 ,1721,Sarpsborg,sarpsborg@sfkino.no
137,Sauda komm. kino,Pb. 44,4201,Sauda,gudrun.rueslatten@sauda.kommune.no
138,Setermoen mil. kino,Velferden Setermoen leir,9360,Bardu,kellewsen@fms.mil.no
139,Sirdal Komm. Kino,Sirdal Kulturhus,4440,Tonstad,anne.beth.fintland@sirdal.kommune.no
140,Ski Kinosenter,Åsenveien 2,1400,Ski,tony@skikino.no
141,Skien: SF Kino AS,Blekebakkvegen 5,3725,Skien,espen.raastad@sfkino.no
142,Skjervøy Kino,Strandvegen 39,9189,Skjervøy,audun.skog@skjervoy.kommune.no
143,Sogndal kino,Hovevegen,6851,Sogndal,tor@kulturhus.no
144,Sokndal komm. kino,Gamlevehen 20,4380,Hauge i Dalane,tobe@sokndal.kommune.no
145,Sortland komm. kino,Rådhus 1,8400,Sortland,rita.sundberg@sortland.kommune.no
146,Stavanger: SF Kino,Sølvberggata 2,4006,Stavanger,stig.pedersen@sfkino-stavanger.no
147,Steinkjer komm. Kino,Bogaveien 10,7725,Steinkjer,ketil.tronstad@steinkjer.kommune.no
148,Stjørdal Komm. Kino,Kjøpmannsgaten 11,7500,Stjørdal,brit.skogan@stjordal.kommune.no
149,Stokmarknes Kino,Hurtigrutens Hus ,8450,Stokmarknes,ketil.johnsen@hadsel.kommune.no
150,Stord komm. kino,Pb. 415,5403,Stord,kino@stord.kommune.no
151,Stor-Elvdal Komm. Kino,Storgata 120 ,2480,Koppang,janne.mellum@stor-elvdal.kommune.no
152,Storfjord kino/kulturhus,Øyna 1,6200,Stranda,kino@storkultur.no
153,Strand komm. kino,Pb. 115,4126,Strand,roger.nybroen@strand.kommune.no
154,Stryn kino,Kulturhuset,6783,Stryn,kariann.kaspersen@stryn.kommune.no
155,Suldal komm. kino,Kulturhuset i Suldal,4230,Sand,hanne.mette.birkeland@suldal.kommune.no
156,Sunndalsøra kino," Auragt. 2, ",6601,Sunndalsøra,marianne.furu.hoydal@sunndal.kommune.no
157,Surnadal Kulturhus ,Svartvassv. 1,6650,Surnadal,kino@surnadal-kulturhus.no
158,Svelgen kino,Gunnar Scheldrups vei 12,6723,Svelgen,samfunnshuset@svelgen.no
159,Svolvær Filmteater,Rådhuset,8300,Svolvær,hugo.fagermo@vagan.kommune.no
160,Sykkylven kino,Kykjevegen 62,6230,Sykkylven,halstein.kurseth@sykkylven.kommune.no
161,Sæbøvik: King Oscar,Sæbøvik,5484,Sæbøvik,jan.petter.myhre@skl.as
162,Søndre Land komm. kino,Hovsbakken 1 Rådhuset,2860,Hov,Tom.Lenes@sondre-land.kommune.no
163,Tana miljøbygg,Rådhusveien 24 ,9845,Tana,bill@tana.kommune.no
164,Tingvoll kino,Brygga,6630,Tingvoll,tingvoll.kino@gmail.com
165,Tomrefjord kino,Vik,6393,Tomrefjord,tomrefjordkino@mimer.no
166,Tromsø: Aurora Kino Fokus,Grønnegata 100,9008,Tromsø,david@aurorakino.no
167,Trondheim kino AS Prinsen,Prinsensgate 2b,7012,Trondheim,lisa@trondheimkino.no
168,Trysil Komm. Kino,Storvegen 5,2420,Trysil,eje@trysil.kommune.no
169,Tynset Kino,Tynset rådhus,2500,Tynset,else.nyheim@tynset.kommune.no
170,Tysvær komm. kino,Postboks 93,5575,Aksdal,oystein.simonsen@tysver.kommune.no
171,"Tønsberg, Kilden kino",Kilden 8,3117,Tønsberg,andre@norsk-kino.no
172,Tønsberg: SF Kino A/S,Nedre Langgate 32,3110,Tønsberg,lars.fuglevik@sf-kino.no
173,Uggdal: Grendatun kino,Oppdal Ungdomslag,5685,Uggdal,kino@grendatun.com
174,Ullensaker Kino,Furusethgata 12,2050,Jessheim,haakon.drage@ullensaker.kommune.no
175,Ulstein: Sjøborg kino ,"Sjøgata 10, ",6067,Ulsteinvik,kristine.brungot@ulstein.kommune.no
176,Ulvik komm. kino,Skeiesvegen 3,5730,Ulvik,anne.marit.lekve@ulvik.kommune.no
177,Vadsø Komm. Kino,Rådhusgt. 5,9800,Vadsø,randi.morso@vadso.kommune.no
178,Vardø Komm Kino,Kirkegata 4 ,9950,Vardø,david@aurorakino.no
179,Vennesla komm. kino,Herredshuset,4700,Vennesla,aslak.wegge@vennesla.kommune.no
180,Verdal: Norsk kino,Johannes Bruns gate 3 ,7650,Verdal,eli@norsk-kino.no
181,Vestvågøy: Origo kino,Origosenteret,8376,Leknes,paul-einar.olsen@vestvagoy.kommune.no
182,Vinstra Kino,Nedre gt. 42,2640,Vinstra,Per.Albin.Jorgensen@nord-fron.kommune.no
183,Volda Filmteater ,"Storgt. 14, ",6100,Volda,oroys@online.no
184,Voss kulturhus,Skulegata,5702,Voss,Ann.K.Atteras@voss.kommune.no
185,Vågå Kino,Vågå kino Kulturhuset,2680,Vågå,stein.holen@vaga.kommune.no
186,Ørland kultursenter,Yrjershall,7129,Brekstad,ragnar.jenssen@orland.kommune.no
187,Ørskog kino,Ørskog,6249,Ørskog,sigmund.braute@mimer.no
188,Ørsta komm. kino ,"Holmegata 7, ",6151,Ørsta,orstakino@kulturhus.no
189,Ål Komm. kino,Ål Kulturhus ,3570,Ål,tof@aal.kommune.no
190,Ålesund komm. Kinematografer Løvenvold ,Løvenvoldgata 11,6002,Ålesund,mariann@norsk-kino.no
191,Ålesund komm. Kinematografer Moa,Moa,6018,Ålesund,mariann@norsk-kino.no
192,Åndalsnes kino ,"Kongensgt 7, ",6300,Åndalsnes,marit.scheide@rauma.kommune.no
193,Årdal komm. Kino,Statsråd Evensens veg 6,6885,Årdalstangen,Gunnvor.Haug.Moen@ardal.kommune.no
194,Årnes Kino,Skolegata 10,2150,Årnes,jan.magne.hanstad@nes-ak.kommune.no
195,Ås Kinoteater,Moerveien 1,1430,Ås,Sveinung.Walengen@as.kommune.no
196,Støren,Basmoen 7,7290,Støren,atle.fredagsvik@midtre-gauldal.kommune.no
